M	.gitignore
M	README.md
D	classifier_standalone/.gitignore
D	classifier_standalone/README.md
D	classifier_standalone/pixi.toml
D	classifier_standalone/src/classifier/workflow/README.md
R053	classifier_standalone/scripts/run_week5_production_parquets.sbatch	cluster/falcon/run_week5_production_parquets.sbatch
R100	classifier_standalone/run_container	cluster/run_container
R100	classifier_standalone/configs/metadata/datasets_HH4b_Run2/2024_v2/GluGluToHHTo4B.yml	configs/metadata/datasets_HH4b_Run2/2024_v2/GluGluToHHTo4B.yml
R100	classifier_standalone/configs/metadata/datasets_HH4b_Run2/2024_v2/TT.yml	configs/metadata/datasets_HH4b_Run2/2024_v2/TT.yml
R100	classifier_standalone/configs/metadata/datasets_HH4b_Run2/2024_v2/ZH4b.yml	configs/metadata/datasets_HH4b_Run2/2024_v2/ZH4b.yml
R100	classifier_standalone/configs/metadata/datasets_HH4b_Run2/2024_v2/ZZ4b.yml	configs/metadata/datasets_HH4b_Run2/2024_v2/ZZ4b.yml
R100	classifier_standalone/configs/metadata/datasets_HH4b_Run2/2024_v2/classifier_inputs_lowpt_wlowptJCM.json	configs/metadata/datasets_HH4b_Run2/2024_v2/classifier_inputs_lowpt_wlowptJCM.json
R100	classifier_standalone/configs/metadata/datasets_HH4b_Run2/2024_v2/classifier_inputs_nominal.json	configs/metadata/datasets_HH4b_Run2/2024_v2/classifier_inputs_nominal.json
R100	classifier_standalone/configs/metadata/datasets_HH4b_Run2/2024_v2/classifier_inputs_week3_cmu.json	configs/metadata/datasets_HH4b_Run2/2024_v2/classifier_inputs_week3_cmu.json
R100	classifier_standalone/configs/metadata/datasets_HH4b_Run2/2024_v2/data.yml	configs/metadata/datasets_HH4b_Run2/2024_v2/data.yml
R100	classifier_standalone/configs/metadata/datasets_HH4b_Run2/2024_v2/friends_HH4b.yml	configs/metadata/datasets_HH4b_Run2/2024_v2/friends_HH4b.yml
R100	classifier_standalone/configs/metadata/datasets_HH4b_Run2/2024_v2/friends_HH4b_lowpt.yml	configs/metadata/datasets_HH4b_Run2/2024_v2/friends_HH4b_lowpt.yml
R100	classifier_standalone/configs/metadata/datasets_HH4b_Run2/2024_v2/fvt_inputs_week3_cmu.json	configs/metadata/datasets_HH4b_Run2/2024_v2/fvt_inputs_week3_cmu.json
R100	classifier_standalone/configs/metadata/datasets_HH4b_Run2/2024_v2/synthetic_datasets.yml	configs/metadata/datasets_HH4b_Run2/2024_v2/synthetic_datasets.yml
R100	classifier_standalone/configs/metadata/datasets_HH4b_Run2/2024_v2/trigweights_2024_v2.json	configs/metadata/datasets_HH4b_Run2/2024_v2/trigweights_2024_v2.json
R100	classifier_standalone/configs/metadata/datasets_HH4b_Run2/2024_v2_cmu/GluGluToHHTo4B.yml	configs/metadata/datasets_HH4b_Run2/2024_v2_cmu/GluGluToHHTo4B.yml
R100	classifier_standalone/configs/metadata/datasets_HH4b_Run2/2024_v2_cmu/TT.yml	configs/metadata/datasets_HH4b_Run2/2024_v2_cmu/TT.yml
R100	classifier_standalone/configs/metadata/datasets_HH4b_Run2/2024_v2_cmu/ZH4b.yml	configs/metadata/datasets_HH4b_Run2/2024_v2_cmu/ZH4b.yml
R100	classifier_standalone/configs/metadata/datasets_HH4b_Run2/2024_v2_cmu/ZZ4b.yml	configs/metadata/datasets_HH4b_Run2/2024_v2_cmu/ZZ4b.yml
R100	classifier_standalone/configs/metadata/datasets_HH4b_Run2/2024_v2_cmu/classifier_inputs_lowpt_wlowptJCM.json	configs/metadata/datasets_HH4b_Run2/2024_v2_cmu/classifier_inputs_lowpt_wlowptJCM.json
R100	classifier_standalone/configs/metadata/datasets_HH4b_Run2/2024_v2_cmu/classifier_inputs_nominal.json	configs/metadata/datasets_HH4b_Run2/2024_v2_cmu/classifier_inputs_nominal.json
R100	classifier_standalone/configs/metadata/datasets_HH4b_Run2/2024_v2_cmu/classifier_inputs_week3_cmu.json	configs/metadata/datasets_HH4b_Run2/2024_v2_cmu/classifier_inputs_week3_cmu.json
R100	classifier_standalone/configs/metadata/datasets_HH4b_Run2/2024_v2_cmu/data.yml	configs/metadata/datasets_HH4b_Run2/2024_v2_cmu/data.yml
R100	classifier_standalone/configs/metadata/datasets_HH4b_Run2/2024_v2_cmu/datasets_HH4b_2024_v2_boosted.yml	configs/metadata/datasets_HH4b_Run2/2024_v2_cmu/datasets_HH4b_2024_v2_boosted.yml
R100	classifier_standalone/configs/metadata/datasets_HH4b_Run2/2024_v2_cmu/friends_HH4b.yml	configs/metadata/datasets_HH4b_Run2/2024_v2_cmu/friends_HH4b.yml
R100	classifier_standalone/configs/metadata/datasets_HH4b_Run2/2024_v2_cmu/friends_HH4b_lowpt.yml	configs/metadata/datasets_HH4b_Run2/2024_v2_cmu/friends_HH4b_lowpt.yml
R100	classifier_standalone/configs/metadata/datasets_HH4b_Run2/2024_v2_cmu/fvt_inputs_week3_cmu.json	configs/metadata/datasets_HH4b_Run2/2024_v2_cmu/fvt_inputs_week3_cmu.json
R100	classifier_standalone/configs/metadata/datasets_HH4b_Run2/2024_v2_cmu/synthetic_datasets.yml	configs/metadata/datasets_HH4b_Run2/2024_v2_cmu/synthetic_datasets.yml
R100	classifier_standalone/configs/metadata/datasets_HH4b_Run2/2024_v2_cmu/trigweights_2024_v2.json	configs/metadata/datasets_HH4b_Run2/2024_v2_cmu/trigweights_2024_v2.json
R100	classifier_standalone/configs/metadata/datasets_HH4b_Run2/2024_v2_cmu_eval2/GluGluToHHTo4B.yml	configs/metadata/datasets_HH4b_Run2/2024_v2_cmu_eval2/GluGluToHHTo4B.yml
R100	classifier_standalone/configs/metadata/datasets_HH4b_Run2/2024_v2_cmu_eval2/TT.yml	configs/metadata/datasets_HH4b_Run2/2024_v2_cmu_eval2/TT.yml
R100	classifier_standalone/configs/metadata/datasets_HH4b_Run2/2024_v2_cmu_eval2/ZH4b.yml	configs/metadata/datasets_HH4b_Run2/2024_v2_cmu_eval2/ZH4b.yml
R100	classifier_standalone/configs/metadata/datasets_HH4b_Run2/2024_v2_cmu_eval2/ZZ4b.yml	configs/metadata/datasets_HH4b_Run2/2024_v2_cmu_eval2/ZZ4b.yml
R100	classifier_standalone/configs/metadata/datasets_HH4b_Run2/2024_v2_cmu_eval2/classifier_inputs_lowpt_wlowptJCM.json	configs/metadata/datasets_HH4b_Run2/2024_v2_cmu_eval2/classifier_inputs_lowpt_wlowptJCM.json
R100	classifier_standalone/configs/metadata/datasets_HH4b_Run2/2024_v2_cmu_eval2/classifier_inputs_nominal.json	configs/metadata/datasets_HH4b_Run2/2024_v2_cmu_eval2/classifier_inputs_nominal.json
R100	classifier_standalone/configs/metadata/datasets_HH4b_Run2/2024_v2_cmu_eval2/classifier_inputs_week3_cmu.json	configs/metadata/datasets_HH4b_Run2/2024_v2_cmu_eval2/classifier_inputs_week3_cmu.json
R100	classifier_standalone/configs/metadata/datasets_HH4b_Run2/2024_v2_cmu_eval2/classifier_inputs_week3_cmu_parquet.json	configs/metadata/datasets_HH4b_Run2/2024_v2_cmu_eval2/classifier_inputs_week3_cmu_parquet.json
R100	classifier_standalone/configs/metadata/datasets_HH4b_Run2/2024_v2_cmu_eval2/data.yml	configs/metadata/datasets_HH4b_Run2/2024_v2_cmu_eval2/data.yml
R100	classifier_standalone/configs/metadata/datasets_HH4b_Run2/2024_v2_cmu_eval2/datasets_HH4b_2024_v2_boosted.yml	configs/metadata/datasets_HH4b_Run2/2024_v2_cmu_eval2/datasets_HH4b_2024_v2_boosted.yml
R100	classifier_standalone/configs/metadata/datasets_HH4b_Run2/2024_v2_cmu_eval2/friends_HH4b.yml	configs/metadata/datasets_HH4b_Run2/2024_v2_cmu_eval2/friends_HH4b.yml
R100	classifier_standalone/configs/metadata/datasets_HH4b_Run2/2024_v2_cmu_eval2/friends_HH4b_lowpt.yml	configs/metadata/datasets_HH4b_Run2/2024_v2_cmu_eval2/friends_HH4b_lowpt.yml
R100	classifier_standalone/configs/metadata/datasets_HH4b_Run2/2024_v2_cmu_eval2/fvt_inputs_week3_cmu.json	configs/metadata/datasets_HH4b_Run2/2024_v2_cmu_eval2/fvt_inputs_week3_cmu.json
R100	classifier_standalone/configs/metadata/datasets_HH4b_Run2/2024_v2_cmu_eval2/fvt_inputs_week3_cmu_parquet.json	configs/metadata/datasets_HH4b_Run2/2024_v2_cmu_eval2/fvt_inputs_week3_cmu_parquet.json
R100	classifier_standalone/configs/metadata/datasets_HH4b_Run2/2024_v2_cmu_eval2/synthetic_datasets.yml	configs/metadata/datasets_HH4b_Run2/2024_v2_cmu_eval2/synthetic_datasets.yml
R100	classifier_standalone/configs/metadata/datasets_HH4b_Run2/2024_v2_cmu_eval2/trigweights_2024_v2.json	configs/metadata/datasets_HH4b_Run2/2024_v2_cmu_eval2/trigweights_2024_v2.json
R089	classifier_standalone/configs/metadata/datasets_HH4b_Run2/2024_v2_week5_parquet/GluGluToHHTo4B.yml	configs/metadata/datasets_HH4b_Run2/2024_v2_week5_parquet/GluGluToHHTo4B.yml
R086	classifier_standalone/configs/metadata/datasets_HH4b_Run2/2024_v2_week5_parquet/TT.yml	configs/metadata/datasets_HH4b_Run2/2024_v2_week5_parquet/TT.yml
R084	classifier_standalone/configs/metadata/datasets_HH4b_Run2/2024_v2_week5_parquet/ZH4b.yml	configs/metadata/datasets_HH4b_Run2/2024_v2_week5_parquet/ZH4b.yml
R073	classifier_standalone/configs/metadata/datasets_HH4b_Run2/2024_v2_week5_parquet/ZZ4b.yml	configs/metadata/datasets_HH4b_Run2/2024_v2_week5_parquet/ZZ4b.yml
R087	classifier_standalone/configs/metadata/datasets_HH4b_Run2/2024_v2_week5_parquet/data.yml	configs/metadata/datasets_HH4b_Run2/2024_v2_week5_parquet/data.yml
R100	classifier_standalone/configs/weights/JCM/jetCombinatoricModel_SB_2024_v2.yml	configs/weights/JCM/jetCombinatoricModel_SB_2024_v2.yml
R100	classifier_standalone/configs/workflows/SvB/evaluate.yml	configs/workflows/SvB/evaluate.yml
R100	classifier_standalone/configs/workflows/SvB/train.yml	configs/workflows/SvB/train.yml
R100	classifier_standalone/configs/workflows/SvB/workflow_config.yml	configs/workflows/SvB/workflow_config.yml
R100	classifier_standalone/configs/workflows/SvB_week5_parquet_full/evaluate.yml	configs/workflows/SvB_week5_parquet_full/evaluate.yml
R100	classifier_standalone/configs/workflows/SvB_week5_parquet_full/train.yml	configs/workflows/SvB_week5_parquet_full/train.yml
R100	classifier_standalone/configs/workflows/SvB_week5_parquet_full/workflow_config.yml	configs/workflows/SvB_week5_parquet_full/workflow_config.yml
R100	classifier_standalone/configs/workflows/SvB_week5_parquet_smoke/evaluate.yml	configs/workflows/SvB_week5_parquet_smoke/evaluate.yml
R100	classifier_standalone/configs/workflows/SvB_week5_parquet_smoke/train.yml	configs/workflows/SvB_week5_parquet_smoke/train.yml
R100	classifier_standalone/configs/workflows/SvB_week5_parquet_smoke/workflow_config.yml	configs/workflows/SvB_week5_parquet_smoke/workflow_config.yml
R100	classifier_standalone/configs/workflows/common.yml	configs/workflows/common.yml
R100	classifier_standalone/docs/dependency_notes.md	docs/history/dependency_notes.md
A	docs/history/legacy_jet_extraction_README.md
R100	classifier_standalone/configs/metadata/datasets_HH4b_Run2/2024_v2/datasets_HH4b_2024_v2_boosted.yml	docs/history/legacy_metadata/datasets_HH4b_2024_v2_boosted.yml
R100	classifier_standalone/docs/migration_map.md	docs/history/migration_map.md
R100	classifier_standalone/docs/week6/data2016F_parquet_branches.txt	docs/week6/data2016F_parquet_branches.txt
A	docs/week7/README.md
A	docs/week7/week7_file_inventory.tsv
R089	classifier_standalone/pixi.lock	pixi.lock
A	pixi.toml
R100	classifier_standalone/src/__init__.py	src/__init__.py
R100	classifier_standalone/src/aktools.py	src/aktools.py
R100	classifier_standalone/src/classifier/__init__.py	src/classifier/__init__.py
R100	classifier_standalone/src/classifier/algorithm/hist/__init__.py	src/classifier/algorithm/hist/__init__.py
R100	classifier_standalone/src/classifier/algorithm/hist/_float.py	src/classifier/algorithm/hist/_float.py
R100	classifier_standalone/src/classifier/algorithm/metrics/roc.py	src/classifier/algorithm/metrics/roc.py
R100	classifier_standalone/src/classifier/algorithm/statistics/variance.py	src/classifier/algorithm/statistics/variance.py
R100	classifier_standalone/src/classifier/algorithm/utils.py	src/classifier/algorithm/utils.py
R100	classifier_standalone/src/classifier/compatibility/JCM/column.py	src/classifier/compatibility/JCM/column.py
R100	classifier_standalone/src/classifier/compatibility/JCM/fit.py	src/classifier/compatibility/JCM/fit.py
R100	classifier_standalone/src/classifier/compatibility/__init__.py	src/classifier/compatibility/__init__.py
R100	classifier_standalone/src/classifier/config/analysis/HCR/__init__.py	src/classifier/config/analysis/HCR/__init__.py
R100	classifier_standalone/src/classifier/config/analysis/HCR/_loss_roc.py	src/classifier/config/analysis/HCR/_loss_roc.py
R100	classifier_standalone/src/classifier/config/analysis/kfold.py	src/classifier/config/analysis/kfold.py
R100	classifier_standalone/src/classifier/config/analysis/monitor.py	src/classifier/config/analysis/monitor.py
R100	classifier_standalone/src/classifier/config/analysis/notify/__init__.py	src/classifier/config/analysis/notify/__init__.py
R100	classifier_standalone/src/classifier/config/dataset/HCR/FvT.py	src/classifier/config/dataset/HCR/FvT.py
R100	classifier_standalone/src/classifier/config/dataset/HCR/FvT_legacy.py	src/classifier/config/dataset/HCR/FvT_legacy.py
R100	classifier_standalone/src/classifier/config/dataset/HCR/MvD.py	src/classifier/config/dataset/HCR/MvD.py
R100	classifier_standalone/src/classifier/config/dataset/HCR/SvB.py	src/classifier/config/dataset/HCR/SvB.py
R100	classifier_standalone/src/classifier/config/dataset/HCR/__init__.py	src/classifier/config/dataset/HCR/__init__.py
R100	classifier_standalone/src/classifier/config/dataset/HCR/_common.py	src/classifier/config/dataset/HCR/_common.py
R100	classifier_standalone/src/classifier/config/dataset/HCR/_group.py	src/classifier/config/dataset/HCR/_group.py
R100	classifier_standalone/src/classifier/config/dataset/HCR/_picoAOD.py	src/classifier/config/dataset/HCR/_picoAOD.py
R100	classifier_standalone/src/classifier/config/dataset/HCR/legacy.py	src/classifier/config/dataset/HCR/legacy.py
R100	classifier_standalone/src/classifier/config/dataset/__init__.py	src/classifier/config/dataset/__init__.py
R100	classifier_standalone/src/classifier/config/dataset/_root.py	src/classifier/config/dataset/_root.py
R100	classifier_standalone/src/classifier/config/main/_utils.py	src/classifier/config/main/_utils.py
R100	classifier_standalone/src/classifier/config/main/analyze.py	src/classifier/config/main/analyze.py
R100	classifier_standalone/src/classifier/config/main/cache.py	src/classifier/config/main/cache.py
R100	classifier_standalone/src/classifier/config/main/evaluate.py	src/classifier/config/main/evaluate.py
R100	classifier_standalone/src/classifier/config/main/expand.py	src/classifier/config/main/expand.py
R100	classifier_standalone/src/classifier/config/main/help.py	src/classifier/config/main/help.py
R100	classifier_standalone/src/classifier/config/main/init.py	src/classifier/config/main/init.py
R100	classifier_standalone/src/classifier/config/main/monitor.py	src/classifier/config/main/monitor.py
R100	classifier_standalone/src/classifier/config/main/profiler.py	src/classifier/config/main/profiler.py
R100	classifier_standalone/src/classifier/config/main/train.py	src/classifier/config/main/train.py
R100	classifier_standalone/src/classifier/config/main/workflow.py	src/classifier/config/main/workflow.py
R100	classifier_standalone/src/classifier/config/model/HCR/FvT/baseline.py	src/classifier/config/model/HCR/FvT/baseline.py
R100	classifier_standalone/src/classifier/config/model/HCR/MvD/__init__.py	src/classifier/config/model/HCR/MvD/__init__.py
R100	classifier_standalone/src/classifier/config/model/HCR/MvD/baseline.py	src/classifier/config/model/HCR/MvD/baseline.py
R100	classifier_standalone/src/classifier/config/model/HCR/SvB/arch/finetune_ggF.py	src/classifier/config/model/HCR/SvB/arch/finetune_ggF.py
R100	classifier_standalone/src/classifier/config/model/HCR/SvB/arch/reinterpret.py	src/classifier/config/model/HCR/SvB/arch/reinterpret.py
R100	classifier_standalone/src/classifier/config/model/HCR/SvB/ggF/ZX_only.py	src/classifier/config/model/HCR/SvB/ggF/ZX_only.py
R100	classifier_standalone/src/classifier/config/model/HCR/SvB/ggF/_remove_sig.py	src/classifier/config/model/HCR/SvB/ggF/_remove_sig.py
R100	classifier_standalone/src/classifier/config/model/HCR/SvB/ggF/all_kl.py	src/classifier/config/model/HCR/SvB/ggF/all_kl.py
R100	classifier_standalone/src/classifier/config/model/HCR/SvB/ggF/all_no_ZX.py	src/classifier/config/model/HCR/SvB/ggF/all_no_ZX.py
R100	classifier_standalone/src/classifier/config/model/HCR/SvB/ggF/baseline.py	src/classifier/config/model/HCR/SvB/ggF/baseline.py
R100	classifier_standalone/src/classifier/config/model/HCR/SvB/ggF/kl5_no_ZX.py	src/classifier/config/model/HCR/SvB/ggF/kl5_no_ZX.py
R100	classifier_standalone/src/classifier/config/model/HCR/SvB/ggF/kl_0.py	src/classifier/config/model/HCR/SvB/ggF/kl_0.py
R100	classifier_standalone/src/classifier/config/model/HCR/SvB/ggF/kl_2p45.py	src/classifier/config/model/HCR/SvB/ggF/kl_2p45.py
R100	classifier_standalone/src/classifier/config/model/HCR/SvB/ggF/kl_5.py	src/classifier/config/model/HCR/SvB/ggF/kl_5.py
R100	classifier_standalone/src/classifier/config/model/HCR/SvB/ggF/one_kl.py	src/classifier/config/model/HCR/SvB/ggF/one_kl.py
R100	classifier_standalone/src/classifier/config/model/HCR/SvB/ggF/sm_no_ZX.py	src/classifier/config/model/HCR/SvB/ggF/sm_no_ZX.py
R100	classifier_standalone/src/classifier/config/model/HCR/SvB/ggF/week3_smoke.py	src/classifier/config/model/HCR/SvB/ggF/week3_smoke.py
R100	classifier_standalone/src/classifier/config/model/HCR/_HCR.py	src/classifier/config/model/HCR/_HCR.py
R100	classifier_standalone/src/classifier/config/model/_kfold.py	src/classifier/config/model/_kfold.py
R100	classifier_standalone/src/classifier/config/scheduler/__init__.py	src/classifier/config/scheduler/__init__.py
R100	classifier_standalone/src/classifier/config/scheduler/basic.py	src/classifier/config/scheduler/basic.py
R100	classifier_standalone/src/classifier/config/scheduler/finetune.py	src/classifier/config/scheduler/finetune.py
R100	classifier_standalone/src/classifier/config/scheduler/skim.py	src/classifier/config/scheduler/skim.py
R100	classifier_standalone/src/classifier/config/setting/HCR.py	src/classifier/config/setting/HCR.py
R100	classifier_standalone/src/classifier/config/setting/__init__.py	src/classifier/config/setting/__init__.py
R100	classifier_standalone/src/classifier/config/setting/cms.py	src/classifier/config/setting/cms.py
R100	classifier_standalone/src/classifier/config/setting/df.py	src/classifier/config/setting/df.py
R100	classifier_standalone/src/classifier/config/setting/ml.py	src/classifier/config/setting/ml.py
R100	classifier_standalone/src/classifier/config/setting/monitor.py	src/classifier/config/setting/monitor.py
R100	classifier_standalone/src/classifier/config/state/__init__.py	src/classifier/config/state/__init__.py
R100	classifier_standalone/src/classifier/config/state/label.py	src/classifier/config/state/label.py
R100	classifier_standalone/src/classifier/config/state/static.py	src/classifier/config/state/static.py
R100	classifier_standalone/src/classifier/df/io.py	src/classifier/df/io.py
R100	classifier_standalone/src/classifier/df/tools.py	src/classifier/df/tools.py
R100	classifier_standalone/src/classifier/docstring.py	src/classifier/docstring.py
R100	classifier_standalone/src/classifier/env.yml	src/classifier/env.yml
R100	classifier_standalone/src/classifier/install.sh	src/classifier/install.sh
R100	classifier_standalone/src/classifier/ml/__init__.py	src/classifier/ml/__init__.py
R100	classifier_standalone/src/classifier/ml/benchmarks/multiclass.py	src/classifier/ml/benchmarks/multiclass.py
R100	classifier_standalone/src/classifier/ml/evaluation.py	src/classifier/ml/evaluation.py
R100	classifier_standalone/src/classifier/ml/models/HCR.py	src/classifier/ml/models/HCR.py
R100	classifier_standalone/src/classifier/ml/models/HCR_finetune_ggF.py	src/classifier/ml/models/HCR_finetune_ggF.py
R100	classifier_standalone/src/classifier/ml/skimmer.py	src/classifier/ml/skimmer.py
R100	classifier_standalone/src/classifier/ml/training.py	src/classifier/ml/training.py
R100	classifier_standalone/src/classifier/monitor/__init__.py	src/classifier/monitor/__init__.py
R100	classifier_standalone/src/classifier/monitor/backends/__init__.py	src/classifier/monitor/backends/__init__.py
R100	classifier_standalone/src/classifier/monitor/backends/console.py	src/classifier/monitor/backends/console.py
R100	classifier_standalone/src/classifier/monitor/core.py	src/classifier/monitor/core.py
R100	classifier_standalone/src/classifier/monitor/input/__init__.py	src/classifier/monitor/input/__init__.py
R100	classifier_standalone/src/classifier/monitor/input/_console.py	src/classifier/monitor/input/_console.py
R100	classifier_standalone/src/classifier/monitor/logging/__init__.py	src/classifier/monitor/logging/__init__.py
R100	classifier_standalone/src/classifier/monitor/logging/_console.py	src/classifier/monitor/logging/_console.py
R100	classifier_standalone/src/classifier/monitor/logging/_redirect.py	src/classifier/monitor/logging/_redirect.py
R100	classifier_standalone/src/classifier/monitor/notification/smtp_gmail.py	src/classifier/monitor/notification/smtp_gmail.py
R100	classifier_standalone/src/classifier/monitor/plot/basic.py	src/classifier/monitor/plot/basic.py
R100	classifier_standalone/src/classifier/monitor/plot/html/custom_tooltip.html	src/classifier/monitor/plot/html/custom_tooltip.html
R100	classifier_standalone/src/classifier/monitor/plot/js/curve_slider_switch_data.js	src/classifier/monitor/plot/js/curve_slider_switch_data.js
R100	classifier_standalone/src/classifier/monitor/plot/js/curve_toggle_visibility.js	src/classifier/monitor/plot/js/curve_toggle_visibility.js
R100	classifier_standalone/src/classifier/monitor/plot/js/div_slider_switch_content.js	src/classifier/monitor/plot/js/div_slider_switch_content.js
R100	classifier_standalone/src/classifier/monitor/progress.py	src/classifier/monitor/progress.py
R100	classifier_standalone/src/classifier/monitor/template/__init__.py	src/classifier/monitor/template/__init__.py
R100	classifier_standalone/src/classifier/monitor/template/code_cache.py	src/classifier/monitor/template/code_cache.py
R100	classifier_standalone/src/classifier/monitor/template/html/report_index.html	src/classifier/monitor/template/html/report_index.html
R100	classifier_standalone/src/classifier/monitor/template/index.py	src/classifier/monitor/template/index.py
R100	classifier_standalone/src/classifier/monitor/usage/__init__.py	src/classifier/monitor/usage/__init__.py
R100	classifier_standalone/src/classifier/monitor/usage/analyze.py	src/classifier/monitor/usage/analyze.py
R100	classifier_standalone/src/classifier/monitor/usage/html/checkpoint_tooltip.html	src/classifier/monitor/usage/html/checkpoint_tooltip.html
R100	classifier_standalone/src/classifier/monitor/usage/html/stack_tooltip.html	src/classifier/monitor/usage/html/stack_tooltip.html
R100	classifier_standalone/src/classifier/monitor/usage/js/stack_component_formatter.js	src/classifier/monitor/usage/js/stack_component_formatter.js
R100	classifier_standalone/src/classifier/monitor/usage/js/time_formatter.js	src/classifier/monitor/usage/js/time_formatter.js
R100	classifier_standalone/src/classifier/nn/blocks/HCR.py	src/classifier/nn/blocks/HCR.py
R100	classifier_standalone/src/classifier/nn/dataset/__init__.py	src/classifier/nn/dataset/__init__.py
R100	classifier_standalone/src/classifier/nn/dataset/evaluation.py	src/classifier/nn/dataset/evaluation.py
R100	classifier_standalone/src/classifier/nn/dataset/sliceable.py	src/classifier/nn/dataset/sliceable.py
R100	classifier_standalone/src/classifier/nn/schedule.py	src/classifier/nn/schedule.py
R100	classifier_standalone/src/classifier/patch/__init__.py	src/classifier/patch/__init__.py
R100	classifier_standalone/src/classifier/patch/awkward_pandas.py	src/classifier/patch/awkward_pandas.py
R100	classifier_standalone/src/classifier/patch/patch.py	src/classifier/patch/patch.py
R100	classifier_standalone/src/classifier/patch/version.py	src/classifier/patch/version.py
R099	classifier_standalone/src/classifier/plot_inputs.py	src/classifier/plot_inputs.py
R099	classifier_standalone/src/classifier/plot_weights.py	src/classifier/plot_weights.py
R100	classifier_standalone/src/classifier/process/__init__.py	src/classifier/process/__init__.py
R100	classifier_standalone/src/classifier/process/device.py	src/classifier/process/device.py
R100	classifier_standalone/src/classifier/process/initializer.py	src/classifier/process/initializer.py
R100	classifier_standalone/src/classifier/process/pool.py	src/classifier/process/pool.py
R100	classifier_standalone/src/classifier/process/server.py	src/classifier/process/server.py
R100	classifier_standalone/src/classifier/root/dataset.py	src/classifier/root/dataset.py
R100	classifier_standalone/src/classifier/root/kfold.py	src/classifier/root/kfold.py
R100	classifier_standalone/src/classifier/sysutils.py	src/classifier/sysutils.py
R100	classifier_standalone/src/classifier/task/__init__.py	src/classifier/task/__init__.py
R100	classifier_standalone/src/classifier/task/analysis.py	src/classifier/task/analysis.py
R100	classifier_standalone/src/classifier/task/autocomplete/_bind.py	src/classifier/task/autocomplete/_bind.py
R100	classifier_standalone/src/classifier/task/autocomplete/_core.py	src/classifier/task/autocomplete/_core.py
R100	classifier_standalone/src/classifier/task/autocomplete/_install.sh	src/classifier/task/autocomplete/_install.sh
R100	classifier_standalone/src/classifier/task/autocomplete/_uninstall.sh	src/classifier/task/autocomplete/_uninstall.sh
R100	classifier_standalone/src/classifier/task/converter/__init__.py	src/classifier/task/converter/__init__.py
R100	classifier_standalone/src/classifier/task/converter/_number.py	src/classifier/task/converter/_number.py
R100	classifier_standalone/src/classifier/task/dataset.py	src/classifier/task/dataset.py
R100	classifier_standalone/src/classifier/task/main.py	src/classifier/task/main.py
R100	classifier_standalone/src/classifier/task/model.py	src/classifier/task/model.py
R100	classifier_standalone/src/classifier/task/parse/__init__.py	src/classifier/task/parse/__init__.py
R100	classifier_standalone/src/classifier/task/parse/_class.py	src/classifier/task/parse/_class.py
R100	classifier_standalone/src/classifier/task/parse/_dict.py	src/classifier/task/parse/_dict.py
R100	classifier_standalone/src/classifier/task/parse/_number.py	src/classifier/task/parse/_number.py
R100	classifier_standalone/src/classifier/task/special.py	src/classifier/task/special.py
R100	classifier_standalone/src/classifier/task/state.py	src/classifier/task/state.py
R100	classifier_standalone/src/classifier/task/task.py	src/classifier/task/task.py
R100	classifier_standalone/src/classifier/test/check_configs.py	src/classifier/test/check_configs.py
R100	classifier_standalone/src/classifier/test/config/analysis/compare.py	src/classifier/test/config/analysis/compare.py
R100	classifier_standalone/src/classifier/test/config/analysis/random_dataset.py	src/classifier/test/config/analysis/random_dataset.py
R100	classifier_standalone/src/classifier/test/config/dataset/HCR.py	src/classifier/test/config/dataset/HCR.py
R100	classifier_standalone/src/classifier/test/config/dataset/_root.py	src/classifier/test/config/dataset/_root.py
R100	classifier_standalone/src/classifier/test/config/main/compare_datasets.py	src/classifier/test/config/main/compare_datasets.py
R100	classifier_standalone/src/classifier/test/config/model/HCR.py	src/classifier/test/config/model/HCR.py
R100	classifier_standalone/src/classifier/test/config/setting/test.py	src/classifier/test/config/setting/test.py
R100	classifier_standalone/src/classifier/test/config/state/torch.py	src/classifier/test/config/state/torch.py
R100	classifier_standalone/src/classifier/test/config/workflow/CI/common.yml	src/classifier/test/config/workflow/CI/common.yml
R100	classifier_standalone/src/classifier/test/config/workflow/CI/generate_dataset.yml	src/classifier/test/config/workflow/CI/generate_dataset.yml
R100	classifier_standalone/src/classifier/test/config/workflow/CI/main_cache.yml	src/classifier/test/config/workflow/CI/main_cache.yml
R100	classifier_standalone/src/classifier/test/config/workflow/CI/main_cache_compare.yml	src/classifier/test/config/workflow/CI/main_cache_compare.yml
R100	classifier_standalone/src/classifier/test/config/workflow/CI/main_evaluate.yml	src/classifier/test/config/workflow/CI/main_evaluate.yml
R100	classifier_standalone/src/classifier/test/config/workflow/CI/main_train.yml	src/classifier/test/config/workflow/CI/main_train.yml
R100	classifier_standalone/src/classifier/test/label_map.json	src/classifier/test/label_map.json
R100	classifier_standalone/src/classifier/test/metadata.json	src/classifier/test/metadata.json
R100	classifier_standalone/src/classifier/test/physics/random_object.py	src/classifier/test/physics/random_object.py
R100	classifier_standalone/src/classifier/test/utils/import_check.py	src/classifier/test/utils/import_check.py
R100	classifier_standalone/src/classifier/typetools.py	src/classifier/typetools.py
R100	classifier_standalone/src/classifier/uninstall.sh	src/classifier/uninstall.sh
R100	classifier_standalone/src/classifier/utils.py	src/classifier/utils.py
A	src/classifier/workflow/README.md
R100	classifier_standalone/src/classifier/workflow/Snakefile	src/classifier/workflow/Snakefile
R100	classifier_standalone/src/compat.py	src/compat.py
R100	classifier_standalone/src/config/__init__.py	src/config/__init__.py
R100	classifier_standalone/src/config/_io.py	src/config/_io.py
R100	classifier_standalone/src/config/_manager.py	src/config/_manager.py
R100	classifier_standalone/src/config/_parser.py	src/config/_parser.py
R100	classifier_standalone/src/config/_patch.py	src/config/_patch.py
R100	classifier_standalone/src/config/_protocol.py	src/config/_protocol.py
R100	classifier_standalone/src/config/_utils.py	src/config/_utils.py
R100	classifier_standalone/src/config/parsers.py	src/config/parsers.py
R100	classifier_standalone/src/dask_tools/__init__.py	src/dask_tools/__init__.py
R100	classifier_standalone/src/dask_tools/awkward/__init__.py	src/dask_tools/awkward/__init__.py
R100	classifier_standalone/src/dask_tools/awkward/_utils.py	src/dask_tools/awkward/_utils.py
R100	classifier_standalone/src/dask_tools/awkward/convert.py	src/dask_tools/awkward/convert.py
R100	classifier_standalone/src/dask_tools/awkward/operation.py	src/dask_tools/awkward/operation.py
R100	classifier_standalone/src/dask_tools/awkward/safe.py	src/dask_tools/awkward/safe.py
R100	classifier_standalone/src/dask_tools/awkward/wrapper.py	src/dask_tools/awkward/wrapper.py
R100	classifier_standalone/src/dask_tools/delayed.py	src/dask_tools/delayed.py
R100	classifier_standalone/src/dask_tools/functions.py	src/dask_tools/functions.py
R100	classifier_standalone/src/dask_tools/hist.py	src/dask_tools/hist.py
R100	classifier_standalone/src/data_formats/__init__.py	src/data_formats/__init__.py
R100	classifier_standalone/src/data_formats/awkward/__init__.py	src/data_formats/awkward/__init__.py
R100	classifier_standalone/src/data_formats/awkward/convert.py	src/data_formats/awkward/convert.py
R100	classifier_standalone/src/data_formats/awkward/pad.py	src/data_formats/awkward/pad.py
R100	classifier_standalone/src/data_formats/awkward/structure.py	src/data_formats/awkward/structure.py
R100	classifier_standalone/src/data_formats/awkward/zip.py	src/data_formats/awkward/zip.py
R100	classifier_standalone/src/data_formats/numpy/__init__.py	src/data_formats/numpy/__init__.py
R100	classifier_standalone/src/data_formats/numpy/from_.py	src/data_formats/numpy/from_.py
R100	classifier_standalone/src/data_formats/numpy/to.py	src/data_formats/numpy/to.py
R100	classifier_standalone/src/data_formats/numpy/typing.py	src/data_formats/numpy/typing.py
R100	classifier_standalone/src/data_formats/root/__init__.py	src/data_formats/root/__init__.py
R100	classifier_standalone/src/data_formats/root/_backend.py	src/data_formats/root/_backend.py
R100	classifier_standalone/src/data_formats/root/chain.py	src/data_formats/root/chain.py
R100	classifier_standalone/src/data_formats/root/chunk.py	src/data_formats/root/chunk.py
R100	classifier_standalone/src/data_formats/root/friend.py	src/data_formats/root/friend.py
R100	classifier_standalone/src/data_formats/root/io.py	src/data_formats/root/io.py
R100	classifier_standalone/src/data_formats/root/merge.py	src/data_formats/root/merge.py
R100	classifier_standalone/src/data_formats/root/patch.py	src/data_formats/root/patch.py
R100	classifier_standalone/src/hist_tools/__init__.py	src/hist_tools/__init__.py
R100	classifier_standalone/src/hist_tools/hist.py	src/hist_tools/hist.py
R100	classifier_standalone/src/hist_tools/object/__init__.py	src/hist_tools/object/__init__.py
R100	classifier_standalone/src/hist_tools/object/elec.py	src/hist_tools/object/elec.py
R100	classifier_standalone/src/hist_tools/object/jet.py	src/hist_tools/object/jet.py
R100	classifier_standalone/src/hist_tools/object/lepton.py	src/hist_tools/object/lepton.py
R100	classifier_standalone/src/hist_tools/object/muon.py	src/hist_tools/object/muon.py
R100	classifier_standalone/src/hist_tools/object/pfcand.py	src/hist_tools/object/pfcand.py
R100	classifier_standalone/src/hist_tools/object/vector.py	src/hist_tools/object/vector.py
R100	classifier_standalone/src/hist_tools/template.py	src/hist_tools/template.py
R100	classifier_standalone/src/math_tools/__init__.py	src/math_tools/__init__.py
R100	classifier_standalone/src/math_tools/jit.py	src/math_tools/jit.py
R100	classifier_standalone/src/math_tools/partition.py	src/math_tools/partition.py
R100	classifier_standalone/src/math_tools/quantile_regression.py	src/math_tools/quantile_regression.py
R100	classifier_standalone/src/math_tools/random.py	src/math_tools/random.py
R100	classifier_standalone/src/math_tools/statistics.py	src/math_tools/statistics.py
R100	classifier_standalone/src/math_tools/utils.py	src/math_tools/utils.py
R100	classifier_standalone/src/physics/__init__.py	src/physics/__init__.py
R100	classifier_standalone/src/physics/common.py	src/physics/common.py
R100	classifier_standalone/src/physics/corrections.yml	src/physics/corrections.yml
R100	classifier_standalone/src/physics/dihiggs/__init__.py	src/physics/dihiggs/__init__.py
R100	classifier_standalone/src/physics/dihiggs/di_higgs.py	src/physics/dihiggs/di_higgs.py
R100	classifier_standalone/src/physics/dihiggs/kappa_framework.py	src/physics/dihiggs/kappa_framework.py
R100	classifier_standalone/src/physics/event_selection.py	src/physics/event_selection.py
R100	classifier_standalone/src/physics/event_weights.py	src/physics/event_weights.py
R100	classifier_standalone/src/physics/objects/jet_corrections.py	src/physics/objects/jet_corrections.py
R100	classifier_standalone/src/physics/objects/jet_tools.py	src/physics/objects/jet_tools.py
R100	classifier_standalone/src/physics/objects/jetmet_tools/CorrectedJetsFactory.py	src/physics/objects/jetmet_tools/CorrectedJetsFactory.py
R100	classifier_standalone/src/physics/objects/jetmet_tools/CorrectedJetsFactory_coffea2025.py	src/physics/objects/jetmet_tools/CorrectedJetsFactory_coffea2025.py
R100	classifier_standalone/src/physics/objects/jetmet_tools/__init__.py	src/physics/objects/jetmet_tools/__init__.py
R100	classifier_standalone/src/physics/objects/jetmet_tools/cbrng.py	src/physics/objects/jetmet_tools/cbrng.py
R100	classifier_standalone/src/physics/objects/jetmet_tools/correctionlib_adapters.py	src/physics/objects/jetmet_tools/correctionlib_adapters.py
R100	classifier_standalone/src/pyml.py	src/pyml.py
R100	classifier_standalone/src/storage/__init__.py	src/storage/__init__.py
R100	classifier_standalone/src/storage/eos.py	src/storage/eos.py
R100	classifier_standalone/src/typetools.py	src/typetools.py
R100	classifier_standalone/src/utils/__init__.py	src/utils/__init__.py
R100	classifier_standalone/src/utils/addhash.py	src/utils/addhash.py
R100	classifier_standalone/src/utils/argparser.py	src/utils/argparser.py
R100	classifier_standalone/src/utils/fix_eos.py	src/utils/fix_eos.py
R100	classifier_standalone/src/utils/json.py	src/utils/json.py
R100	classifier_standalone/src/utils/regex.py	src/utils/regex.py
R100	classifier_standalone/src/utils/string.py	src/utils/string.py
R100	classifier_standalone/src/utils/wrapper.py	src/utils/wrapper.py
R100	classifier_standalone/scripts/build_parquet_friend_metadata.py	tools/data_conversion/build_parquet_friend_metadata.py
R091	classifier_standalone/scripts/build_production_parquets.py	tools/data_conversion/build_production_parquets.py
R100	classifier_standalone/scripts/build_week3_friend_metadata.py	tools/data_conversion/build_week3_friend_metadata.py
R088	classifier_standalone/scripts/build_week5_parquet_metadata.py	tools/data_conversion/build_week5_parquet_metadata.py
R100	classifier_standalone/scripts/check_parquet_friends.py	tools/data_conversion/check_parquet_friends.py
R098	classifier_standalone/scripts/consolidate_dataset.py	tools/data_conversion/consolidate_dataset.py
R100	classifier_standalone/scripts/convert_dataset_to_parquet.py	tools/data_conversion/convert_dataset_to_parquet.py
R100	classifier_standalone/scripts/convert_friend_root_to_parquet.py	tools/data_conversion/convert_friend_root_to_parquet.py
R100	classifier_standalone/docs/dataset_files_map.yml	tools/data_conversion/dataset_files_map.yml
R100	scripts/compare_root_parquet_pt.py	tools/legacy_jet_extraction/compare_root_parquet_pt.py
R100	scripts/extract_jets.py	tools/legacy_jet_extraction/extract_jets.py
R100	scripts/extract_jets_2016.py	tools/legacy_jet_extraction/extract_jets_2016.py
R100	scripts/extract_jets_2016_full.py	tools/legacy_jet_extraction/extract_jets_2016_full.py
R100	scripts/plot_jet_summaries.py	tools/legacy_jet_extraction/plot_jet_summaries.py
R100	scripts/validate_event_ids.py	tools/legacy_jet_extraction/validate_event_ids.py
R100	scripts/validate_jet_outputs.py	tools/legacy_jet_extraction/validate_jet_outputs.py
